observed_R2_log,perm_mean_R2,perm_95pct_R2,p_value,n_perm
0.652649077165874,0.2845429250160201,0.7009506346333538,0.0718,5000
