year,obs_yield,obs_log,pred_log_2p,pred_yield_2p,pred_log_1p,pred_yield_1p
2016,1.6027272727272726,0.7432352034449772,1.1434785593706005,2.637663954072256,0.9795073439297983,2.163143904680043
2017,6.140909090909091,1.893248865398338,1.8403460714846112,5.798717690468001,1.6116696961187316,4.511171379837863
2018,7.661818181818182,2.0994669605554157,1.352859951239132,3.3684733702342196,1.3358373715440255,3.3031792875258312
2019,9.317272727272728,2.2841433574462977,2.0047034583706713,6.9238920772558386,1.900666319594647,6.19035086929134
2020,8.325454545454546,2.17764010806003,2.362706718875856,10.119657012057871,2.3275996681360613,9.753300647468281
2022,12.061818181818182,2.5306619102622783,1.3307294403038794,3.2838024391657705,2.019729061019083,7.036282784248008
2023,4.837272727272727,1.6747147972777239,2.9082048534841416,17.823874984197015,2.9544846157481537,18.69182900408668
2024,0.6836363636363636,0.1685913639820526,1.2897600045601942,3.1319148081575485,1.1653634686534051,2.707088347468126
