observed_R2,perm_mean_R2,perm_95pct_R2,p_value,n_perm
0.48727137015667366,0.2840552620078815,0.7087150996612956,0.1804,5000
