year,obs,rf_pred_loyo
2016,1.6027272727272726,5.301523939393943
2017,6.140909090909091,7.590999545454528
2018,7.661818181818182,6.637862272727285
2019,9.317272727272728,6.300110606060627
2020,8.325454545454546,6.979150151515137
2022,12.061818181818182,6.153438484848462
2023,4.837272727272727,10.346180606060601
2024,0.6836363636363636,4.575835303030293
