index,r_pearson,n
NDRE_raw_repro,-0.30772549942683086,77
NDRE_corr_repro,0.10308771471502445,77
CIre_raw_repro,-0.29149671785850906,77
CIre_corr_repro,0.21213320420312282,77
